肖申克的救赎,1994,9.7,3145899人

霸王别姬,1993,9.6,2321128人

泰坦尼克号,1997,9.5,2385227人

阿甘正传,1994,9.5,2338515人

千与千寻,2001,9.4,2430353人

美丽人生,1997,9.5,1426399人

这个杀手不太冷,1994,9.4,2470520人

星际穿越,2014,9.4,2060418人

盗梦空间,2010,9.4,2234447人

楚门的世界,1998,9.4,1914551人

辛德勒的名单,1993,9.5,1204596人

忠犬八公的故事,2009,9.4,1491307人

海上钢琴师,1998,9.3,1812325人

三傻大闹宝莱坞,2009,9.2,1999960人

放牛班的春天,2004,9.3,1418963人

疯狂动物城,2016,9.2,2145898人

机器人总动员,2008,9.3,1425837人

无间道,2002,9.3,1495827人

控方证人,1957,9.6,660716人

大话西游之大圣娶亲,1995,9.2,1648449人

熔炉,2011,9.3,1001898人

触不可及,2011,9.3,1234501人

教父,1972,9.3,1056579人

寻梦环游记,2017,9.1,1869948人

当幸福来敲门,2006,9.2,1630641人

末代皇帝,1987,9.3,979740人

龙猫,1988,9.2,1361688人

哈利·波特与魔法石,2001,9.2,1348952人

怦然心动,2010,9.1,1975981人

活着,1994,9.3,928947人

蝙蝠侠：黑暗骑士,2008,9.2,1148824人

指环王3：王者无敌,2003,9.3,873521人

我不是药神,2018,9.0,2270587人

乱世佳人,1939,9.3,755170人

飞屋环游记,2009,9.1,1437874人

让子弹飞,2010,9.0,1846757人

哈尔的移动城堡,2004,9.1,1219004人

素媛,2013,9.3,746831人

十二怒汉,1957,9.4,548622人

海蒂和爷爷,2015,9.3,723238人

猫鼠游戏,2002,9.1,1146506人

天空之城,1986,9.2,966277人

摔跤吧！爸爸,2016,9.0,1684526人

鬼子来了,2000,9.3,684024人

少年派的奇幻漂流,2012,9.1,1442076人

钢琴家,2002,9.3,713227人

指环王2：双塔奇兵,2002,9.2,821611人

大话西游之月光宝盒,1995,9.0,1313747人

死亡诗社,1989,9.2,825451人

何以为家,2018,9.1,1126673人

闻香识女人,1992,9.1,978808人

绿皮书,2018,8.9,1808583人

大闹天宫,1961(中国大陆) / 1964(中国大陆) / 1978(中国大陆),9.4,485708人

黑客帝国,1999,9.1,908835人

罗马假日,1953,9.1,1013547人

指环王1：护戒使者,2001,9.1,921033人

教父2,1974,9.3,608043人

狮子王,1994,9.1,922019人

天堂电影院,1988,9.2,719501人

饮食男女,1994,9.2,684831人

辩护人,2013,9.2,637981人

搏击俱乐部,1999,9.0,924769人

本杰明·巴顿奇事,2008,9.0,1063171人

美丽心灵,2001,9.1,827206人

穿条纹睡衣的男孩,2008,9.2,617673人

情书,1995,8.9,1243773人

窃听风暴,2006,9.2,611181人

两杆大烟枪,1998,9.1,649029人

哈利·波特与死亡圣器(下),2011,9.0,928247人

音乐之声,1965,9.1,656744人

西西里的美丽传说,2000,8.9,1056065人

阿凡达,2009,8.8,1522352人

功夫,2004,8.9,1268315人

看不见的客人,2016,8.8,1385374人

哈利·波特与阿兹卡班的囚徒,2004,9.0,844837人

拯救大兵瑞恩,1998,9.1,698259人

小鞋子,1997,9.2,445881人

沉默的羔羊,1991,8.9,974631人

飞越疯人院,1975,9.1,584510人

布达佩斯大饭店,2014,8.9,1037510人

蝴蝶效应,2004,8.9,1023076人

禁闭岛,2010,8.9,1067666人

致命魔术,2006,8.9,930425人

心灵捕手,1997,9.0,785076人

低俗小说,1994,8.9,916906人

超脱,2011,9.0,685776人

摩登时代,1936,9.3,331139人

哈利·波特与密室,2002,8.9,870432人

喜剧之王,1999,8.8,1049548人

致命ID,2003,8.9,906482人

杀人回忆,2003,8.9,796750人

春光乍泄,1997,9.0,684853人

海豚湾,2009,9.3,374380人

一一,2000,9.1,461318人

美国往事,1984,9.1,452240人

加勒比海盗,2003,8.8,931130人

红辣椒,2006,9.0,534843人

七宗罪,1995,8.8,1016272人

唐伯虎点秋香,1993,8.7,1176985人

狩猎,2012,9.1,443660人

7号房的礼物,2013,8.9,602035人

甜蜜蜜,1996,8.9,636152人

蝙蝠侠：黑暗骑士崛起,2012,8.9,783666人

寄生虫,2019,8.8,1488735人

被嫌弃的松子的一生,2006,8.8,751142人

天书奇谭,1983(中国大陆) / 2021,9.2,311119人

超能陆战队,2014,8.8,1103322人

爱在黎明破晓前,1995,8.8,759478人

第六感,1999,8.9,610221人

重庆森林,1994,8.8,887309人

爱在日落黄昏时,2004,8.9,622277人

幽灵公主,1997,8.9,570157人

入殓师,2008,8.9,722998人

剪刀手爱德华,1990,8.7,1094274人

断背山,2005,8.8,755756人

菊次郎的夏天,1999,8.9,649945人

勇敢的心,1995,8.9,590298人

未麻的部屋,1997,9.1,398162人

借东西的小人阿莉埃蒂,2010,8.9,603225人

哈利·波特与火焰杯,2005,8.8,760785人

茶馆,1982(中国大陆),9.6,187547人

消失的爱人,2014,8.7,1036836人

时空恋旅人,2013,8.8,751707人

无人知晓,2004,9.1,357271人

头脑特工队,2015,8.8,752745人

倩女幽魂,1987,8.8,793367人

阳光灿烂的日子,1994,8.8,667982人

完美的世界,1993,9.1,346359人

小森林 夏秋篇,2014,9.0,457433人

天使爱美丽,2001,8.7,999512人

驯龙高手,2010,8.8,821327人

花样年华,2000,8.8,752939人

新世界,2013,8.9,500390人

侧耳倾听,1995,8.9,502737人

请以你的名字呼唤我,2017,8.8,791341人

傲慢与偏见,2005,8.7,882100人

怪兽电力公司,2001,8.8,739133人

一个叫欧维的男人决定去死,2015,8.9,539256人

玩具总动员3,2010,8.9,567433人

教父3,1990,9.0,412404人

幸福终点站,2004,8.8,618498人

色，戒,2007,8.7,914411人

哪吒闹海,1979,9.2,293513人

小森林 冬春篇,2015,9.0,407216人

被解救的姜戈,2012,8.8,663212人

九品芝麻官,1994,8.8,757955人

釜山行,2016,8.6,1301775人

神偷奶爸,2010,8.7,1016262人

萤火之森,2011,8.8,587517人

告白,2010,8.8,718202人

喜宴,1993,9.0,407018人

玛丽和马克思,2009,9.0,445925人

头号玩家,2018,8.6,1466173人

模仿游戏,2014,8.8,699849人

大鱼,2003,8.8,607408人

七武士,1954,9.3,220924人

还有明天,2023,9.4,202171人

惊魂记,1960,9.0,336276人

射雕英雄传之东成西就,1993,8.7,693784人

我是山姆,2001,9.0,364106人

血战钢锯岭,2016,8.7,834079人

你的名字。,2016,8.5,1538189人

阳光姐妹淘,2011,8.8,620915人

恐怖直播,2013,8.7,705135人

黑客帝国3：矩阵革命,2003,8.8,480605人

背靠背，脸对脸,1994,9.5,164572人

电锯惊魂,2004,8.7,586461人

三块广告牌,2017,8.7,888384人

心灵奇旅,2020,8.7,1088237人

小丑,2019,8.7,1094721人

达拉斯买家俱乐部,2013,8.8,488837人

谍影重重3,2007,8.9,452427人

疯狂原始人,2013,8.7,895077人

绿里奇迹,1999,8.9,371023人

无间道2,2003,8.8,539841人

爱在午夜降临前,2013,8.9,449842人

海街日记,2015,8.8,498110人

上帝之城,2002,9.0,323019人

英雄本色,1986,8.6,586304人

风之谷,1984,8.9,380964人

疯狂的石头,2006,8.6,893200人

心迷宫,2014,8.7,587373人

雨中曲,1952,9.1,254473人

2001太空漫游,1968,8.9,373414人

纵横四海,1991,8.8,459797人

记忆碎片,2000,8.7,648000人

卢旺达饭店,2004,8.9,355827人

末路狂花,1991,9.0,313892人

无敌破坏王,2012,8.7,590253人

小偷家族,2018,8.7,872392人

冰川时代,2002,8.6,664329人

牯岭街少年杀人事件,1991,8.9,345179人

恐怖游轮,2009,8.5,949608人

高山下的花环,1984(中国大陆) / 1985,9.5,136177人

岁月神偷,2010,8.7,601393人

东京教父,2003,9.0,271940人

忠犬八公物语,1987,9.2,211434人

魔女宅急便,1989,8.7,503433人

荒蛮故事,2014,8.8,478039人

遗愿清单,2007,8.7,512980人

大佛普拉斯,2017,8.7,525792人

贫民窟的百万富翁,2008,8.6,789037人

东邪西毒,1994,8.6,616870人

你看起来好像很好吃,2010,8.9,360893人

源代码,2011,8.6,896317人

疯狂的麦克斯4：狂暴之路,2015,8.7,595859人

可可西里,2004,8.9,331823人

芙蓉镇,1987,9.3,172444人

爆裂鼓手,2014,8.6,662194人

城市之光,1931,9.3,163639人

波西米亚狂想曲,2018,8.6,664545人

花束般的恋爱,2021,8.6,762334人

黑天鹅,2010,8.6,824051人

青蛇,1993,8.6,571409人

爱乐之城,2016,8.4,1044226人

白日梦想家,2013,8.6,595880人

哈利·波特与死亡圣器(上),2010,8.6,662037人

终结者2：审判日,1991,8.8,369226人

初恋这件小事,2010,8.5,1029313人

雨人,1988,8.7,431059人

人工智能,2001,8.7,483983人

新龙门客栈,1992,8.7,486888人

无耻混蛋,2009,8.7,529018人

真爱至上,2003,8.5,786170人

虎口脱险,1966,8.9,282953人

崖上的波妞,2008,8.6,549854人

恋恋笔记本,2004,8.5,725081人

罗生门,1950,8.8,344019人

千钧一发,1997,8.8,331771人

大红灯笼高高挂,1991,8.8,340326人

彗星来的那一夜,2013,8.6,650784人

海边的曼彻斯特,2016,8.6,618838人

哈利·波特与凤凰社,2007,8.5,660704人

黑客帝国2：重装上阵,2003,8.7,438954人

火星救援,2015,8.5,800318人

萤火虫之墓,1988,8.7,428189人

奇迹男孩,2017,8.6,585175人

战争之王,2005,8.7,400788人

千年女优,2001,8.8,302950人

步履不停,2008,8.8,308928人

血钻,2006,8.7,409147人

谍影重重2,2004,8.7,383287人

蜘蛛侠：平行宇宙,2018,8.6,729878人

机器人之梦,2023,9.0,333252人

魂断蓝桥,1940,8.8,300366人

房间,2015,8.8,390622人

冰雪奇缘,2013,8.5,773767人

隐藏人物,2016,8.9,253654人

谍影重重,2002,8.6,466941人

弱点,2009,8.7,343561人

